[
  {
    "id": 1,
    "country": "United States",
    "city": "Pasadena",
    "state": "CA",
    "address": "123 Colorado Blvd",
    "postalCode": "91105",
    "coordinates": "POINT(-118.144516 34.147785)"
  },
  {
    "id": 2,
    "country": "United States",
    "city": "Santa Monica",
    "state": "CA",
    "address": "456 Ocean Ave",
    "postalCode": "90401",
    "coordinates": "POINT(-118.496513 34.013654)"
  },
  {
    "id": 3,
    "country": "United States",
    "city": "Burbank",
    "state": "CA",
    "address": "789 Hollywood Way",
    "postalCode": "91505",
    "coordinates": "POINT(-118.328661 34.180839)"
  },
  {
    "id": 4,
    "country": "United States",
    "city": "Long Beach",
    "state": "CA",
    "address": "101 Pine Ave",
    "postalCode": "90802",
    "coordinates": "POINT(-118.192604 33.766720)"
  },
  {
    "id": 5,
    "country": "United States",
    "city": "New York",
    "state": "NY",
    "address": "555 Manhattan Ave",
    "postalCode": "10001",
    "coordinates": "POINT(-74.005941 40.712784)"
  },
  {
    "id": 6,
    "country": "United States",
    "city": "Malibu",
    "state": "CA",
    "address": "888 Malibu Road",
    "postalCode": "90265",
    "coordinates": "POINT(-118.774518 34.025922)"
  },
  {
    "id": 7,
    "country": "United States",
    "city": "Glendale",
    "state": "CA",
    "address": "777 Brand Blvd",
    "postalCode": "91203",
    "coordinates": "POINT(-118.254708 34.142508)"
  },
  {
    "id": 8,
    "country": "United States",
    "city": "Torrance",
    "state": "CA",
    "address": "555 Torrance Blvd",
    "postalCode": "90503",
    "coordinates": "POINT(-118.352575 33.835849)"
  },
  {
    "id": 9,
    "country": "United States",
    "city": "Miami",
    "state": "FL",
    "address": "1234 Ocean Dr",
    "postalCode": "33139",
    "coordinates": "POINT(-80.130045 25.782551)"
  },
  {
    "id": 10,
    "country": "United States",
    "city": "Beverly Hills",
    "state": "CA",
    "address": "789 Rodeo Dr",
    "postalCode": "90210",
    "coordinates": "POINT(-118.400356 34.073620)"
  }
]
